dt,standard,rapid,blitz,aggregate_total_games,aggregate_wins,aggregate_draws,aggregate_losses,aggregate_win_ratio,aggregate_draw_ratio,aggregate_loss_ratio,white_total,white_wins,white_draws,white_losses,black_total,black_wins,black_draws,black_losses,standard_fmt_total,standard_fmt_wins,standard_fmt_draws,standard_fmt_losses,rapid_fmt_total,rapid_fmt_wins,rapid_fmt_draws,rapid_fmt_losses,blitz_fmt_total,blitz_fmt_wins,blitz_fmt_draws,blitz_fmt_losses
2003-04-01,2356,,,2142,951,964,227,44.4%,45.0%,10.6%,1079,567,407,105,1063,384,557,122,1094,404,598,92,413,196,169,48,633,350,196,87
2003-07-01,2385,,,2142,951,964,227,44.4%,45.0%,10.6%,1079,567,407,105,1063,384,557,122,1094,404,598,92,413,196,169,48,633,350,196,87
2003-10-01,2450,,,2142,951,964,227,44.4%,45.0%,10.6%,1079,567,407,105,1063,384,557,122,1094,404,598,92,413,196,169,48,633,350,196,87
2004-01-01,2484,,,2142,951,964,227,44.4%,45.0%,10.6%,1079,567,407,105,1063,384,557,122,1094,404,598,92,413,196,169,48,633,350,196,87
2004-04-01,2552,,,2142,951,964,227,44.4%,45.0%,10.6%,1079,567,407,105,1063,384,557,122,1094,404,598,92,413,196,169,48,633,350,196,87
2004-07-01,2567,,,2142,951,964,227,44.4%,45.0%,10.6%,1079,567,407,105,1063,384,557,122,1094,404,598,92,413,196,169,48,633,350,196,87
2004-10-01,2581,,,2142,951,964,227,44.4%,45.0%,10.6%,1079,567,407,105,1063,384,557,122,1094,404,598,92,413,196,169,48,633,350,196,87
2005-01-01,2553,,,2142,951,964,227,44.4%,45.0%,10.6%,1079,567,407,105,1063,384,557,122,1094,404,598,92,413,196,169,48,633,350,196,87
2005-04-01,2548,,,2142,951,964,227,44.4%,45.0%,10.6%,1079,567,407,105,1063,384,557,122,1094,404,598,92,413,196,169,48,633,350,196,87
2005-07-01,2528,,,2142,951,964,227,44.4%,45.0%,10.6%,1079,567,407,105,1063,384,557,122,1094,404,598,92,413,196,169,48,633,350,196,87
2005-10-01,2570,,,2142,951,964,227,44.4%,45.0%,10.6%,1079,567,407,105,1063,384,557,122,1094,404,598,92,413,196,169,48,633,350,196,87
2006-01-01,2625,,,2142,951,964,227,44.4%,45.0%,10.6%,1079,567,407,105,1063,384,557,122,1094,404,598,92,413,196,169,48,633,350,196,87
2006-04-01,2646,,,2142,951,964,227,44.4%,45.0%,10.6%,1079,567,407,105,1063,384,557,122,1094,404,598,92,413,196,169,48,633,350,196,87
2006-07-01,2675,,,2142,951,964,227,44.4%,45.0%,10.6%,1079,567,407,105,1063,384,557,122,1094,404,598,92,413,196,169,48,633,350,196,87
2006-10-01,2698,,,2142,951,964,227,44.4%,45.0%,10.6%,1079,567,407,105,1063,384,557,122,1094,404,598,92,413,196,169,48,633,350,196,87
2007-01-01,2690,,,2142,951,964,227,44.4%,45.0%,10.6%,1079,567,407,105,1063,384,557,122,1094,404,598,92,413,196,169,48,633,350,196,87
2007-04-01,2693,,,2142,951,964,227,44.4%,45.0%,10.6%,1079,567,407,105,1063,384,557,122,1094,404,598,92,413,196,169,48,633,350,196,87
2007-07-01,2710,,,2142,951,964,227,44.4%,45.0%,10.6%,1079,567,407,105,1063,384,557,122,1094,404,598,92,413,196,169,48,633,350,196,87
2007-10-01,2714,,,2142,951,964,227,44.4%,45.0%,10.6%,1079,567,407,105,1063,384,557,122,1094,404,598,92,413,196,169,48,633,350,196,87
2008-01-01,2733,,,2142,951,964,227,44.4%,45.0%,10.6%,1079,567,407,105,1063,384,557,122,1094,404,598,92,413,196,169,48,633,350,196,87
2008-04-01,2765,,,2142,951,964,227,44.4%,45.0%,10.6%,1079,567,407,105,1063,384,557,122,1094,404,598,92,413,196,169,48,633,350,196,87
2008-07-01,2775,,,2142,951,964,227,44.4%,45.0%,10.6%,1079,567,407,105,1063,384,557,122,1094,404,598,92,413,196,169,48,633,350,196,87
2008-10-01,2786,,,2142,951,964,227,44.4%,45.0%,10.6%,1079,567,407,105,1063,384,557,122,1094,404,598,92,413,196,169,48,633,350,196,87
2009-01-01,2776,,,2142,951,964,227,44.4%,45.0%,10.6%,1079,567,407,105,1063,384,557,122,1094,404,598,92,413,196,169,48,633,350,196,87
2009-04-01,2770,,,2142,951,964,227,44.4%,45.0%,10.6%,1079,567,407,105,1063,384,557,122,1094,404,598,92,413,196,169,48,633,350,196,87
2009-07-01,2772,,,2142,951,964,227,44.4%,45.0%,10.6%,1079,567,407,105,1063,384,557,122,1094,404,598,92,413,196,169,48,633,350,196,87
2009-09-01,2772,,,2142,951,964,227,44.4%,45.0%,10.6%,1079,567,407,105,1063,384,557,122,1094,404,598,92,413,196,169,48,633,350,196,87
2009-11-01,2801,,,2142,951,964,227,44.4%,45.0%,10.6%,1079,567,407,105,1063,384,557,122,1094,404,598,92,413,196,169,48,633,350,196,87
2010-01-01,2810,,,2142,951,964,227,44.4%,45.0%,10.6%,1079,567,407,105,1063,384,557,122,1094,404,598,92,413,196,169,48,633,350,196,87
2010-03-01,2813,,,2142,951,964,227,44.4%,45.0%,10.6%,1079,567,407,105,1063,384,557,122,1094,404,598,92,413,196,169,48,633,350,196,87
2010-05-01,2813,,,2142,951,964,227,44.4%,45.0%,10.6%,1079,567,407,105,1063,384,557,122,1094,404,598,92,413,196,169,48,633,350,196,87
2010-07-01,2826,,,2142,951,964,227,44.4%,45.0%,10.6%,1079,567,407,105,1063,384,557,122,1094,404,598,92,413,196,169,48,633,350,196,87
2010-09-01,2826,,,2142,951,964,227,44.4%,45.0%,10.6%,1079,567,407,105,1063,384,557,122,1094,404,598,92,413,196,169,48,633,350,196,87
2010-11-01,2802,,,2142,951,964,227,44.4%,45.0%,10.6%,1079,567,407,105,1063,384,557,122,1094,404,598,92,413,196,169,48,633,350,196,87
2011-01-01,2814,,,2142,951,964,227,44.4%,45.0%,10.6%,1079,567,407,105,1063,384,557,122,1094,404,598,92,413,196,169,48,633,350,196,87
2011-03-01,2815,,,2142,951,964,227,44.4%,45.0%,10.6%,1079,567,407,105,1063,384,557,122,1094,404,598,92,413,196,169,48,633,350,196,87
2011-05-01,2815,,,2142,951,964,227,44.4%,45.0%,10.6%,1079,567,407,105,1063,384,557,122,1094,404,598,92,413,196,169,48,633,350,196,87
2011-07-01,2821,,,2142,951,964,227,44.4%,45.0%,10.6%,1079,567,407,105,1063,384,557,122,1094,404,598,92,413,196,169,48,633,350,196,87
2011-09-01,2823,,,2142,951,964,227,44.4%,45.0%,10.6%,1079,567,407,105,1063,384,557,122,1094,404,598,92,413,196,169,48,633,350,196,87
2011-11-01,2826,,,2142,951,964,227,44.4%,45.0%,10.6%,1079,567,407,105,1063,384,557,122,1094,404,598,92,413,196,169,48,633,350,196,87
2012-01-01,2835,,,2142,951,964,227,44.4%,45.0%,10.6%,1079,567,407,105,1063,384,557,122,1094,404,598,92,413,196,169,48,633,350,196,87
2012-03-01,2835,,,2142,951,964,227,44.4%,45.0%,10.6%,1079,567,407,105,1063,384,557,122,1094,404,598,92,413,196,169,48,633,350,196,87
2012-05-01,2835,,,2142,951,964,227,44.4%,45.0%,10.6%,1079,567,407,105,1063,384,557,122,1094,404,598,92,413,196,169,48,633,350,196,87
2012-07-01,2837,2837.0,2837.0,2142,951,964,227,44.4%,45.0%,10.6%,1079,567,407,105,1063,384,557,122,1094,404,598,92,413,196,169,48,633,350,196,87
2012-08-01,2837,2845.0,2856.0,2142,951,964,227,44.4%,45.0%,10.6%,1079,567,407,105,1063,384,557,122,1094,404,598,92,413,196,169,48,633,350,196,87
2012-09-01,2843,2845.0,2856.0,2142,951,964,227,44.4%,45.0%,10.6%,1079,567,407,105,1063,384,557,122,1094,404,598,92,413,196,169,48,633,350,196,87
2012-10-01,2843,2845.0,2856.0,2142,951,964,227,44.4%,45.0%,10.6%,1079,567,407,105,1063,384,557,122,1094,404,598,92,413,196,169,48,633,350,196,87
2012-11-01,2848,2845.0,2856.0,2142,951,964,227,44.4%,45.0%,10.6%,1079,567,407,105,1063,384,557,122,1094,404,598,92,413,196,169,48,633,350,196,87
2012-12-01,2848,2845.0,2856.0,2142,951,964,227,44.4%,45.0%,10.6%,1079,567,407,105,1063,384,557,122,1094,404,598,92,413,196,169,48,633,350,196,87
2013-01-01,2861,2845.0,2856.0,2142,951,964,227,44.4%,45.0%,10.6%,1079,567,407,105,1063,384,557,122,1094,404,598,92,413,196,169,48,633,350,196,87
2013-02-01,2872,2845.0,2856.0,2142,951,964,227,44.4%,45.0%,10.6%,1079,567,407,105,1063,384,557,122,1094,404,598,92,413,196,169,48,633,350,196,87
2013-03-01,2872,2845.0,2856.0,2142,951,964,227,44.4%,45.0%,10.6%,1079,567,407,105,1063,384,557,122,1094,404,598,92,413,196,169,48,633,350,196,87
2013-04-01,2872,2845.0,2856.0,2142,951,964,227,44.4%,45.0%,10.6%,1079,567,407,105,1063,384,557,122,1094,404,598,92,413,196,169,48,633,350,196,87
2013-05-01,2868,2845.0,2856.0,2142,951,964,227,44.4%,45.0%,10.6%,1079,567,407,105,1063,384,557,122,1094,404,598,92,413,196,169,48,633,350,196,87
2013-06-01,2864,2845.0,2856.0,2142,951,964,227,44.4%,45.0%,10.6%,1079,567,407,105,1063,384,557,122,1094,404,598,92,413,196,169,48,633,350,196,87
2013-07-01,2862,2845.0,2837.0,2142,951,964,227,44.4%,45.0%,10.6%,1079,567,407,105,1063,384,557,122,1094,404,598,92,413,196,169,48,633,350,196,87
2013-08-01,2862,2845.0,2837.0,2142,951,964,227,44.4%,45.0%,10.6%,1079,567,407,105,1063,384,557,122,1094,404,598,92,413,196,169,48,633,350,196,87
2013-09-01,2862,2845.0,2837.0,2142,951,964,227,44.4%,45.0%,10.6%,1079,567,407,105,1063,384,557,122,1094,404,598,92,413,196,169,48,633,350,196,87
2013-10-01,2870,2845.0,2837.0,2142,951,964,227,44.4%,45.0%,10.6%,1079,567,407,105,1063,384,557,122,1094,404,598,92,413,196,169,48,633,350,196,87
2013-11-01,2870,2845.0,2837.0,2142,951,964,227,44.4%,45.0%,10.6%,1079,567,407,105,1063,384,557,122,1094,404,598,92,413,196,169,48,633,350,196,87
2013-12-01,2872,2845.0,2837.0,2142,951,964,227,44.4%,45.0%,10.6%,1079,567,407,105,1063,384,557,122,1094,404,598,92,413,196,169,48,633,350,196,87
2014-01-01,2872,2845.0,2837.0,2142,951,964,227,44.4%,45.0%,10.6%,1079,567,407,105,1063,384,557,122,1094,404,598,92,413,196,169,48,633,350,196,87
2014-02-01,2872,2845.0,2837.0,2142,951,964,227,44.4%,45.0%,10.6%,1079,567,407,105,1063,384,557,122,1094,404,598,92,413,196,169,48,633,350,196,87
2014-03-01,2881,2827.0,2837.0,2142,951,964,227,44.4%,45.0%,10.6%,1079,567,407,105,1063,384,557,122,1094,404,598,92,413,196,169,48,633,350,196,87
2014-04-01,2881,2827.0,2837.0,2142,951,964,227,44.4%,45.0%,10.6%,1079,567,407,105,1063,384,557,122,1094,404,598,92,413,196,169,48,633,350,196,87
2014-05-01,2882,2827.0,2837.0,2142,951,964,227,44.4%,45.0%,10.6%,1079,567,407,105,1063,384,557,122,1094,404,598,92,413,196,169,48,633,350,196,87
2014-06-01,2881,2827.0,2837.0,2142,951,964,227,44.4%,45.0%,10.6%,1079,567,407,105,1063,384,557,122,1094,404,598,92,413,196,169,48,633,350,196,87
2014-07-01,2877,2855.0,2948.0,2142,951,964,227,44.4%,45.0%,10.6%,1079,567,407,105,1063,384,557,122,1094,404,598,92,413,196,169,48,633,350,196,87
2014-08-01,2877,2855.0,2948.0,2142,951,964,227,44.4%,45.0%,10.6%,1079,567,407,105,1063,384,557,122,1094,404,598,92,413,196,169,48,633,350,196,87
2014-09-01,2870,2855.0,2948.0,2142,951,964,227,44.4%,45.0%,10.6%,1079,567,407,105,1063,384,557,122,1094,404,598,92,413,196,169,48,633,350,196,87
2014-10-01,2863,2855.0,2948.0,2142,951,964,227,44.4%,45.0%,10.6%,1079,567,407,105,1063,384,557,122,1094,404,598,92,413,196,169,48,633,350,196,87
2014-11-01,2863,2855.0,2948.0,2142,951,964,227,44.4%,45.0%,10.6%,1079,567,407,105,1063,384,557,122,1094,404,598,92,413,196,169,48,633,350,196,87
2014-12-01,2862,2855.0,2948.0,2142,951,964,227,44.4%,45.0%,10.6%,1079,567,407,105,1063,384,557,122,1094,404,598,92,413,196,169,48,633,350,196,87
2015-01-01,2862,2855.0,2948.0,2142,951,964,227,44.4%,45.0%,10.6%,1079,567,407,105,1063,384,557,122,1094,404,598,92,413,196,169,48,633,350,196,87
2015-02-01,2865,2855.0,2948.0,2142,951,964,227,44.4%,45.0%,10.6%,1079,567,407,105,1063,384,557,122,1094,404,598,92,413,196,169,48,633,350,196,87
2015-03-01,2863,2855.0,2948.0,2142,951,964,227,44.4%,45.0%,10.6%,1079,567,407,105,1063,384,557,122,1094,404,598,92,413,196,169,48,633,350,196,87
2015-04-01,2863,2847.0,2933.0,2142,951,964,227,44.4%,45.0%,10.6%,1079,567,407,105,1063,384,557,122,1094,404,598,92,413,196,169,48,633,350,196,87
2015-05-01,2876,2847.0,2933.0,2142,951,964,227,44.4%,45.0%,10.6%,1079,567,407,105,1063,384,557,122,1094,404,598,92,413,196,169,48,633,350,196,87
2015-06-01,2876,2847.0,2933.0,2142,951,964,227,44.4%,45.0%,10.6%,1079,567,407,105,1063,384,557,122,1094,404,598,92,413,196,169,48,633,350,196,87
2015-07-01,2853,2847.0,2914.0,2142,951,964,227,44.4%,45.0%,10.6%,1079,567,407,105,1063,384,557,122,1094,404,598,92,413,196,169,48,633,350,196,87
2015-08-01,2853,2847.0,2914.0,2142,951,964,227,44.4%,45.0%,10.6%,1079,567,407,105,1063,384,557,122,1094,404,598,92,413,196,169,48,633,350,196,87
2015-09-01,2853,2847.0,2914.0,2142,951,964,227,44.4%,45.0%,10.6%,1079,567,407,105,1063,384,557,122,1094,404,598,92,413,196,169,48,633,350,196,87
2015-10-01,2850,2847.0,2914.0,2142,951,964,227,44.4%,45.0%,10.6%,1079,567,407,105,1063,384,557,122,1094,404,598,92,413,196,169,48,633,350,196,87
2015-11-01,2850,2873.0,2878.0,2142,951,964,227,44.4%,45.0%,10.6%,1079,567,407,105,1063,384,557,122,1094,404,598,92,413,196,169,48,633,350,196,87
2015-12-01,2834,2873.0,2878.0,2142,951,964,227,44.4%,45.0%,10.6%,1079,567,407,105,1063,384,557,122,1094,404,598,92,413,196,169,48,633,350,196,87
2016-01-01,2844,2878.0,2890.0,2142,951,964,227,44.4%,45.0%,10.6%,1079,567,407,105,1063,384,557,122,1094,404,598,92,413,196,169,48,633,350,196,87
2016-02-01,2844,2878.0,2890.0,2142,951,964,227,44.4%,45.0%,10.6%,1079,567,407,105,1063,384,557,122,1094,404,598,92,413,196,169,48,633,350,196,87
2016-03-01,2851,2878.0,2890.0,2142,951,964,227,44.4%,45.0%,10.6%,1079,567,407,105,1063,384,557,122,1094,404,598,92,413,196,169,48,633,350,196,87
2016-04-01,2851,2878.0,2890.0,2142,951,964,227,44.4%,45.0%,10.6%,1079,567,407,105,1063,384,557,122,1094,404,598,92,413,196,169,48,633,350,196,87
2016-05-01,2851,2878.0,2915.0,2142,951,964,227,44.4%,45.0%,10.6%,1079,567,407,105,1063,384,557,122,1094,404,598,92,413,196,169,48,633,350,196,87
2016-06-01,2855,2878.0,2915.0,2142,951,964,227,44.4%,45.0%,10.6%,1079,567,407,105,1063,384,557,122,1094,404,598,92,413,196,169,48,633,350,196,87
2016-07-01,2855,2894.0,2873.0,2142,951,964,227,44.4%,45.0%,10.6%,1079,567,407,105,1063,384,557,122,1094,404,598,92,413,196,169,48,633,350,196,87
2016-08-01,2857,2894.0,2873.0,2142,951,964,227,44.4%,45.0%,10.6%,1079,567,407,105,1063,384,557,122,1094,404,598,92,413,196,169,48,633,350,196,87
2016-09-01,2857,2894.0,2873.0,2142,951,964,227,44.4%,45.0%,10.6%,1079,567,407,105,1063,384,557,122,1094,404,598,92,413,196,169,48,633,350,196,87
2016-10-01,2853,2894.0,2873.0,2142,951,964,227,44.4%,45.0%,10.6%,1079,567,407,105,1063,384,557,122,1094,404,598,92,413,196,169,48,633,350,196,87
2016-11-01,2853,2894.0,2873.0,2142,951,964,227,44.4%,45.0%,10.6%,1079,567,407,105,1063,384,557,122,1094,404,598,92,413,196,169,48,633,350,196,87
2016-12-01,2840,2906.0,2873.0,2142,951,964,227,44.4%,45.0%,10.6%,1079,567,407,105,1063,384,557,122,1094,404,598,92,413,196,169,48,633,350,196,87
2017-01-01,2840,2896.0,2914.0,2142,951,964,227,44.4%,45.0%,10.6%,1079,567,407,105,1063,384,557,122,1094,404,598,92,413,196,169,48,633,350,196,87
2017-02-01,2838,2896.0,2914.0,2142,951,964,227,44.4%,45.0%,10.6%,1079,567,407,105,1063,384,557,122,1094,404,598,92,413,196,169,48,633,350,196,87
2017-03-01,2838,2896.0,2914.0,2142,951,964,227,44.4%,45.0%,10.6%,1079,567,407,105,1063,384,557,122,1094,404,598,92,413,196,169,48,633,350,196,87
2017-04-01,2838,2896.0,2914.0,2142,951,964,227,44.4%,45.0%,10.6%,1079,567,407,105,1063,384,557,122,1094,404,598,92,413,196,169,48,633,350,196,87
2017-05-01,2832,2896.0,2914.0,2142,951,964,227,44.4%,45.0%,10.6%,1079,567,407,105,1063,384,557,122,1094,404,598,92,413,196,169,48,633,350,196,87
2017-06-01,2832,2896.0,2914.0,2142,951,964,227,44.4%,45.0%,10.6%,1079,567,407,105,1063,384,557,122,1094,404,598,92,413,196,169,48,633,350,196,87
2017-07-01,2822,2919.0,2899.0,2142,951,964,227,44.4%,45.0%,10.6%,1079,567,407,105,1063,384,557,122,1094,404,598,92,413,196,169,48,633,350,196,87
2017-08-01,2822,2909.0,2948.0,2142,951,964,227,44.4%,45.0%,10.6%,1079,567,407,105,1063,384,557,122,1094,404,598,92,413,196,169,48,633,350,196,87
2017-09-01,2827,2909.0,2948.0,2142,951,964,227,44.4%,45.0%,10.6%,1079,567,407,105,1063,384,557,122,1094,404,598,92,413,196,169,48,633,350,196,87
2017-10-01,2826,2909.0,2948.0,2142,951,964,227,44.4%,45.0%,10.6%,1079,567,407,105,1063,384,557,122,1094,404,598,92,413,196,169,48,633,350,196,87
2017-11-01,2837,2909.0,2948.0,2142,951,964,227,44.4%,45.0%,10.6%,1079,567,407,105,1063,384,557,122,1094,404,598,92,413,196,169,48,633,350,196,87
2017-12-01,2837,2908.0,2986.0,2142,951,964,227,44.4%,45.0%,10.6%,1079,567,407,105,1063,384,557,122,1094,404,598,92,413,196,169,48,633,350,196,87
2018-01-01,2834,2880.0,2965.0,2142,951,964,227,44.4%,45.0%,10.6%,1079,567,407,105,1063,384,557,122,1094,404,598,92,413,196,169,48,633,350,196,87
2018-02-01,2843,2880.0,2965.0,2142,951,964,227,44.4%,45.0%,10.6%,1079,567,407,105,1063,384,557,122,1094,404,598,92,413,196,169,48,633,350,196,87
2018-03-01,2843,2880.0,2965.0,2142,951,964,227,44.4%,45.0%,10.6%,1079,567,407,105,1063,384,557,122,1094,404,598,92,413,196,169,48,633,350,196,87
2018-04-01,2843,2880.0,2965.0,2142,951,964,227,44.4%,45.0%,10.6%,1079,567,407,105,1063,384,557,122,1094,404,598,92,413,196,169,48,633,350,196,87
2018-05-01,2843,2880.0,2965.0,2142,951,964,227,44.4%,45.0%,10.6%,1079,567,407,105,1063,384,557,122,1094,404,598,92,413,196,169,48,633,350,196,87
2018-06-01,2843,2880.0,2939.0,2142,951,964,227,44.4%,45.0%,10.6%,1079,567,407,105,1063,384,557,122,1094,404,598,92,413,196,169,48,633,350,196,87
2018-07-01,2842,2880.0,2939.0,2142,951,964,227,44.4%,45.0%,10.6%,1079,567,407,105,1063,384,557,122,1094,404,598,92,413,196,169,48,633,350,196,87
2018-08-01,2842,2880.0,2939.0,2142,951,964,227,44.4%,45.0%,10.6%,1079,567,407,105,1063,384,557,122,1094,404,598,92,413,196,169,48,633,350,196,87
2018-09-01,2839,2880.0,2939.0,2142,951,964,227,44.4%,45.0%,10.6%,1079,567,407,105,1063,384,557,122,1094,404,598,92,413,196,169,48,633,350,196,87
2018-10-01,2839,2880.0,2939.0,2142,951,964,227,44.4%,45.0%,10.6%,1079,567,407,105,1063,384,557,122,1094,404,598,92,413,196,169,48,633,350,196,87
2018-11-01,2835,2880.0,2939.0,2142,951,964,227,44.4%,45.0%,10.6%,1079,567,407,105,1063,384,557,122,1094,404,598,92,413,196,169,48,633,350,196,87
2018-12-01,2835,2903.0,2939.0,2142,951,964,227,44.4%,45.0%,10.6%,1079,567,407,105,1063,384,557,122,1094,404,598,92,413,196,169,48,633,350,196,87
2019-01-01,2835,2869.0,2954.0,2142,951,964,227,44.4%,45.0%,10.6%,1079,567,407,105,1063,384,557,122,1094,404,598,92,413,196,169,48,633,350,196,87
2019-02-01,2845,2869.0,2954.0,2142,951,964,227,44.4%,45.0%,10.6%,1079,567,407,105,1063,384,557,122,1094,404,598,92,413,196,169,48,633,350,196,87
2019-03-01,2845,2869.0,2954.0,2142,951,964,227,44.4%,45.0%,10.6%,1079,567,407,105,1063,384,557,122,1094,404,598,92,413,196,169,48,633,350,196,87
2019-04-01,2845,2869.0,2954.0,2142,951,964,227,44.4%,45.0%,10.6%,1079,567,407,105,1063,384,557,122,1094,404,598,92,413,196,169,48,633,350,196,87
2019-05-01,2861,2869.0,2954.0,2142,951,964,227,44.4%,45.0%,10.6%,1079,567,407,105,1063,384,557,122,1094,404,598,92,413,196,169,48,633,350,196,87
2019-06-01,2875,2895.0,2923.0,2142,951,964,227,44.4%,45.0%,10.6%,1079,567,407,105,1063,384,557,122,1094,404,598,92,413,196,169,48,633,350,196,87
2019-07-01,2872,2895.0,2920.0,2142,951,964,227,44.4%,45.0%,10.6%,1079,567,407,105,1063,384,557,122,1094,404,598,92,413,196,169,48,633,350,196,87
2019-08-01,2882,2895.0,2920.0,2142,951,964,227,44.4%,45.0%,10.6%,1079,567,407,105,1063,384,557,122,1094,404,598,92,413,196,169,48,633,350,196,87
2019-09-01,2876,2849.0,2828.0,2142,951,964,227,44.4%,45.0%,10.6%,1079,567,407,105,1063,384,557,122,1094,404,598,92,413,196,169,48,633,350,196,87
2019-10-01,2876,2849.0,2828.0,2142,951,964,227,44.4%,45.0%,10.6%,1079,567,407,105,1063,384,557,122,1094,404,598,92,413,196,169,48,633,350,196,87
2019-11-01,2870,2849.0,2828.0,2142,951,964,227,44.4%,45.0%,10.6%,1079,567,407,105,1063,384,557,122,1094,404,598,92,413,196,169,48,633,350,196,87
2019-12-01,2872,2886.0,2865.0,2142,951,964,227,44.4%,45.0%,10.6%,1079,567,407,105,1063,384,557,122,1094,404,598,92,413,196,169,48,633,350,196,87
2020-01-01,2872,2881.0,2884.0,2142,951,964,227,44.4%,45.0%,10.6%,1079,567,407,105,1063,384,557,122,1094,404,598,92,413,196,169,48,633,350,196,87
2020-02-01,2862,2881.0,2884.0,2142,951,964,227,44.4%,45.0%,10.6%,1079,567,407,105,1063,384,557,122,1094,404,598,92,413,196,169,48,633,350,196,87
2020-03-01,2862,2881.0,2884.0,2142,951,964,227,44.4%,45.0%,10.6%,1079,567,407,105,1063,384,557,122,1094,404,598,92,413,196,169,48,633,350,196,87
2020-04-01,2863,2881.0,2884.0,2142,951,964,227,44.4%,45.0%,10.6%,1079,567,407,105,1063,384,557,122,1094,404,598,92,413,196,169,48,633,350,196,87
2020-05-01,2863,2881.0,2884.0,2142,951,964,227,44.4%,45.0%,10.6%,1079,567,407,105,1063,384,557,122,1094,404,598,92,413,196,169,48,633,350,196,87
2020-06-01,2863,2881.0,2884.0,2142,951,964,227,44.4%,45.0%,10.6%,1079,567,407,105,1063,384,557,122,1094,404,598,92,413,196,169,48,633,350,196,87
2020-07-01,2863,2881.0,2884.0,2142,951,964,227,44.4%,45.0%,10.6%,1079,567,407,105,1063,384,557,122,1094,404,598,92,413,196,169,48,633,350,196,87
2020-08-01,2863,2881.0,2884.0,2142,951,964,227,44.4%,45.0%,10.6%,1079,567,407,105,1063,384,557,122,1094,404,598,92,413,196,169,48,633,350,196,87
2020-09-01,2863,2881.0,2884.0,2142,951,964,227,44.4%,45.0%,10.6%,1079,567,407,105,1063,384,557,122,1094,404,598,92,413,196,169,48,633,350,196,87
2020-10-01,2863,2881.0,2884.0,2142,951,964,227,44.4%,45.0%,10.6%,1079,567,407,105,1063,384,557,122,1094,404,598,92,413,196,169,48,633,350,196,87
2020-11-01,2862,2881.0,2884.0,2142,951,964,227,44.4%,45.0%,10.6%,1079,567,407,105,1063,384,557,122,1094,404,598,92,413,196,169,48,633,350,196,87
2020-12-01,2862,2881.0,2884.0,2142,951,964,227,44.4%,45.0%,10.6%,1079,567,407,105,1063,384,557,122,1094,404,598,92,413,196,169,48,633,350,196,87
2021-01-01,2862,2881.0,2884.0,2142,951,964,227,44.4%,45.0%,10.6%,1079,567,407,105,1063,384,557,122,1094,404,598,92,413,196,169,48,633,350,196,87
2021-02-01,2862,2881.0,2884.0,2142,951,964,227,44.4%,45.0%,10.6%,1079,567,407,105,1063,384,557,122,1094,404,598,92,413,196,169,48,633,350,196,87
2021-03-01,2847,2881.0,2884.0,2142,951,964,227,44.4%,45.0%,10.6%,1079,567,407,105,1063,384,557,122,1094,404,598,92,413,196,169,48,633,350,196,87
2021-04-01,2847,2881.0,2884.0,2142,951,964,227,44.4%,45.0%,10.6%,1079,567,407,105,1063,384,557,122,1094,404,598,92,413,196,169,48,633,350,196,87
2021-05-01,2847,2881.0,2884.0,2142,951,964,227,44.4%,45.0%,10.6%,1079,567,407,105,1063,384,557,122,1094,404,598,92,413,196,169,48,633,350,196,87
2021-06-01,2847,2881.0,2884.0,2142,951,964,227,44.4%,45.0%,10.6%,1079,567,407,105,1063,384,557,122,1094,404,598,92,413,196,169,48,633,350,196,87
2021-07-01,2847,2881.0,2884.0,2142,951,964,227,44.4%,45.0%,10.6%,1079,567,407,105,1063,384,557,122,1094,404,598,92,413,196,169,48,633,350,196,87
2021-08-01,2847,2881.0,2884.0,2142,951,964,227,44.4%,45.0%,10.6%,1079,567,407,105,1063,384,557,122,1094,404,598,92,413,196,169,48,633,350,196,87
2021-09-01,2855,2842.0,2890.0,2142,951,964,227,44.4%,45.0%,10.6%,1079,567,407,105,1063,384,557,122,1094,404,598,92,413,196,169,48,633,350,196,87
2021-10-01,2855,2842.0,2890.0,2142,951,964,227,44.4%,45.0%,10.6%,1079,567,407,105,1063,384,557,122,1094,404,598,92,413,196,169,48,633,350,196,87
2021-11-01,2855,2842.0,2890.0,2142,951,964,227,44.4%,45.0%,10.6%,1079,567,407,105,1063,384,557,122,1094,404,598,92,413,196,169,48,633,350,196,87
2021-12-01,2856,2842.0,2890.0,2142,951,964,227,44.4%,45.0%,10.6%,1079,567,407,105,1063,384,557,122,1094,404,598,92,413,196,169,48,633,350,196,87
2022-01-01,2865,2847.0,2832.0,2142,951,964,227,44.4%,45.0%,10.6%,1079,567,407,105,1063,384,557,122,1094,404,598,92,413,196,169,48,633,350,196,87
2022-02-01,2865,2847.0,2832.0,2142,951,964,227,44.4%,45.0%,10.6%,1079,567,407,105,1063,384,557,122,1094,404,598,92,413,196,169,48,633,350,196,87
2022-03-01,2864,2847.0,2832.0,2142,951,964,227,44.4%,45.0%,10.6%,1079,567,407,105,1063,384,557,122,1094,404,598,92,413,196,169,48,633,350,196,87
2022-04-01,2864,2847.0,2832.0,2142,951,964,227,44.4%,45.0%,10.6%,1079,567,407,105,1063,384,557,122,1094,404,598,92,413,196,169,48,633,350,196,87
2022-05-01,2864,2847.0,2832.0,2142,951,964,227,44.4%,45.0%,10.6%,1079,567,407,105,1063,384,557,122,1094,404,598,92,413,196,169,48,633,350,196,87
2022-06-01,2864,2847.0,2832.0,2142,951,964,227,44.4%,45.0%,10.6%,1079,567,407,105,1063,384,557,122,1094,404,598,92,413,196,169,48,633,350,196,87
2022-07-01,2864,2847.0,2828.0,2142,951,964,227,44.4%,45.0%,10.6%,1079,567,407,105,1063,384,557,122,1094,404,598,92,413,196,169,48,633,350,196,87
2022-08-01,2864,2834.0,2830.0,2142,951,964,227,44.4%,45.0%,10.6%,1079,567,407,105,1063,384,557,122,1094,404,598,92,413,196,169,48,633,350,196,87
2022-09-01,2861,2834.0,2830.0,2142,951,964,227,44.4%,45.0%,10.6%,1079,567,407,105,1063,384,557,122,1094,404,598,92,413,196,169,48,633,350,196,87
2022-10-01,2856,2834.0,2830.0,2142,951,964,227,44.4%,45.0%,10.6%,1079,567,407,105,1063,384,557,122,1094,404,598,92,413,196,169,48,633,350,196,87
2022-11-01,2859,2834.0,2830.0,2142,951,964,227,44.4%,45.0%,10.6%,1079,567,407,105,1063,384,557,122,1094,404,598,92,413,196,169,48,633,350,196,87
2022-12-01,2859,2834.0,2830.0,2142,951,964,227,44.4%,45.0%,10.6%,1079,567,407,105,1063,384,557,122,1094,404,598,92,413,196,169,48,633,350,196,87
2023-01-01,2859,2839.0,2852.0,2142,951,964,227,44.4%,45.0%,10.6%,1079,567,407,105,1063,384,557,122,1094,404,598,92,413,196,169,48,633,350,196,87
2023-02-01,2852,2839.0,2852.0,2142,951,964,227,44.4%,45.0%,10.6%,1079,567,407,105,1063,384,557,122,1094,404,598,92,413,196,169,48,633,350,196,87
2023-03-01,2852,2839.0,2852.0,2142,951,964,227,44.4%,45.0%,10.6%,1079,567,407,105,1063,384,557,122,1094,404,598,92,413,196,169,48,633,350,196,87
2023-04-01,2853,2839.0,2852.0,2142,951,964,227,44.4%,45.0%,10.6%,1079,567,407,105,1063,384,557,122,1094,404,598,92,413,196,169,48,633,350,196,87
2023-05-01,2853,2839.0,2852.0,2142,951,964,227,44.4%,45.0%,10.6%,1079,567,407,105,1063,384,557,122,1094,404,598,92,413,196,169,48,633,350,196,87
2023-06-01,2853,2829.0,2858.0,2142,951,964,227,44.4%,45.0%,10.6%,1079,567,407,105,1063,384,557,122,1094,404,598,92,413,196,169,48,633,350,196,87
2023-07-01,2835,2829.0,2858.0,2142,951,964,227,44.4%,45.0%,10.6%,1079,567,407,105,1063,384,557,122,1094,404,598,92,413,196,169,48,633,350,196,87
2023-08-01,2835,2825.0,2887.0,2142,951,964,227,44.4%,45.0%,10.6%,1079,567,407,105,1063,384,557,122,1094,404,598,92,413,196,169,48,633,350,196,87
2023-09-01,2839,2818.0,2887.0,2142,951,964,227,44.4%,45.0%,10.6%,1079,567,407,105,1063,384,557,122,1094,404,598,92,413,196,169,48,633,350,196,87
2023-10-01,2839,2818.0,2887.0,2142,951,964,227,44.4%,45.0%,10.6%,1079,567,407,105,1063,384,557,122,1094,404,598,92,413,196,169,48,633,350,196,87
2023-11-01,2829,2818.0,2887.0,2142,951,964,227,44.4%,45.0%,10.6%,1079,567,407,105,1063,384,557,122,1094,404,598,92,413,196,169,48,633,350,196,87
2023-12-01,2830,2818.0,2887.0,2142,951,964,227,44.4%,45.0%,10.6%,1079,567,407,105,1063,384,557,122,1094,404,598,92,413,196,169,48,633,350,196,87
2024-01-01,2830,2823.0,2886.0,2142,951,964,227,44.4%,45.0%,10.6%,1079,567,407,105,1063,384,557,122,1094,404,598,92,413,196,169,48,633,350,196,87
2024-02-01,2830,2823.0,2886.0,2142,951,964,227,44.4%,45.0%,10.6%,1079,567,407,105,1063,384,557,122,1094,404,598,92,413,196,169,48,633,350,196,87
2024-03-01,2830,2823.0,2886.0,2142,951,964,227,44.4%,45.0%,10.6%,1079,567,407,105,1063,384,557,122,1094,404,598,92,413,196,169,48,633,350,196,87
2024-04-01,2830,2823.0,2886.0,2142,951,964,227,44.4%,45.0%,10.6%,1079,567,407,105,1063,384,557,122,1094,404,598,92,413,196,169,48,633,350,196,87
2024-05-01,2830,2828.0,2886.0,2142,951,964,227,44.4%,45.0%,10.6%,1079,567,407,105,1063,384,557,122,1094,404,598,92,413,196,169,48,633,350,196,87
2024-06-01,2830,2827.0,2888.0,2142,951,964,227,44.4%,45.0%,10.6%,1079,567,407,105,1063,384,557,122,1094,404,598,92,413,196,169,48,633,350,196,87
2024-07-01,2832,2827.0,2888.0,2142,951,964,227,44.4%,45.0%,10.6%,1079,567,407,105,1063,384,557,122,1094,404,598,92,413,196,169,48,633,350,196,87
2024-08-01,2832,2827.0,2888.0,2142,951,964,227,44.4%,45.0%,10.6%,1079,567,407,105,1063,384,557,122,1094,404,598,92,413,196,169,48,633,350,196,87
2024-09-01,2832,2834.0,2888.0,2142,951,964,227,44.4%,45.0%,10.6%,1079,567,407,105,1063,384,557,122,1094,404,598,92,413,196,169,48,633,350,196,87
2024-10-01,2831,2834.0,2888.0,2142,951,964,227,44.4%,45.0%,10.6%,1079,567,407,105,1063,384,557,122,1094,404,598,92,413,196,169,48,633,350,196,87
2024-11-01,2831,2825.0,2893.0,2142,951,964,227,44.4%,45.0%,10.6%,1079,567,407,105,1063,384,557,122,1094,404,598,92,413,196,169,48,633,350,196,87
2024-12-01,2831,2838.0,2890.0,2142,951,964,227,44.4%,45.0%,10.6%,1079,567,407,105,1063,384,557,122,1094,404,598,92,413,196,169,48,633,350,196,87
2025-01-01,2831,2818.0,2889.0,2142,951,964,227,44.4%,45.0%,10.6%,1079,567,407,105,1063,384,557,122,1094,404,598,92,413,196,169,48,633,350,196,87
2025-02-01,2833,2818.0,2883.0,2142,951,964,227,44.4%,45.0%,10.6%,1079,567,407,105,1063,384,557,122,1094,404,598,92,413,196,169,48,633,350,196,87
2025-03-01,2833,2818.0,2883.0,2142,951,964,227,44.4%,45.0%,10.6%,1079,567,407,105,1063,384,557,122,1094,404,598,92,413,196,169,48,633,350,196,87
2025-04-01,2837,2818.0,2883.0,2142,951,964,227,44.4%,45.0%,10.6%,1079,567,407,105,1063,384,557,122,1094,404,598,92,413,196,169,48,633,350,196,87
2025-05-01,2837,2818.0,2883.0,2142,951,964,227,44.4%,45.0%,10.6%,1079,567,407,105,1063,384,557,122,1094,404,598,92,413,196,169,48,633,350,196,87
2025-06-01,2837,2818.0,2883.0,2142,951,964,227,44.4%,45.0%,10.6%,1079,567,407,105,1063,384,557,122,1094,404,598,92,413,196,169,48,633,350,196,87
2025-07-01,2839,2818.0,2883.0,2142,951,964,227,44.4%,45.0%,10.6%,1079,567,407,105,1063,384,557,122,1094,404,598,92,413,196,169,48,633,350,196,87
2025-08-01,2839,2808.0,2881.0,2142,951,964,227,44.4%,45.0%,10.6%,1079,567,407,105,1063,384,557,122,1094,404,598,92,413,196,169,48,633,350,196,87
2025-09-01,2839,2808.0,2881.0,2142,951,964,227,44.4%,45.0%,10.6%,1079,567,407,105,1063,384,557,122,1094,404,598,92,413,196,169,48,633,350,196,87
2025-10-01,2839,2808.0,2881.0,2142,951,964,227,44.4%,45.0%,10.6%,1079,567,407,105,1063,384,557,122,1094,404,598,92,413,196,169,48,633,350,196,87
2025-11-01,2839,2824.0,2881.0,2142,951,964,227,44.4%,45.0%,10.6%,1079,567,407,105,1063,384,557,122,1094,404,598,92,413,196,169,48,633,350,196,87
